	essay_id	essay_set	num_errors	essay_length	num_words	avg_word_len	num_punc	actual
0	7	1	14	2808	499	4.629258517034068	73	10
1	13	1	16	1007	204	3.9411764705882355	6	7
2	17	1	7	1804	335	4.388059701492537	48	8
3	20	1	7	868	156	4.57051282051282	17	6
4	23	1	26	2878	521	4.525911708253359	50	10
5	28	1	12	2046	360	4.686111111111111	47	9
6	36	1	22	3015	542	4.564575645756458	66	10
7	42	1	11	1482	282	4.25886524822695	18	8
8	46	1	11	1630	298	4.473154362416107	26	8
